Threads,Time,Cost,Speedup,Efficiency
1,21.5415,3045.5,1,1
2,18.285,2758.5,1.1781,0.589048
4,9.9515,2833.5,2.16465,0.541162
8,20.474,1010,1.05214,0.131517
