Threads,Time,Cost,Speedup,Efficiency
1,1.247,707.333,1,1
2,0.725333,704.667,1.71921,0.859605
4,0.513667,606.667,2.42764,0.606911
8,0.785,493.667,1.58854,0.198567
